aD,aL,DAz,Lag,w,Illuminasi,Suhu_Atmosfer_C,Kelembapan_Pct,Kecepatan_Angin_ms,Kondisi_Awan_Pct,Transparansi_Index,Target
7.667,8.883,3.043,31.535,0.1774,0.602,29.52,68.20842395,0.4,54.39312528,0.53,1
4.599,5.424,0.661,18.354,0.0733,0.225,29.56,72.81088478,2.52,36.31541334,0.6,1
4.803,5.616,0.579,19.197,0.0787,0.241,27.79,67.22750173,2.87,51.96695148,0.54,1
8.986,9.981,2.026,38.865,0.255,0.76,29.43,65.99207692,3.35,49.21203252,0.56,1
8.989,9.994,2.077,38.846,0.2557,0.762,29.43,76.81088514,3.35,53.47307616,0.62,1
9.118,10.084,1.886,39.525,0.2603,0.776,28.11,77.8301829,2.87,56.15549846,0.5,0
9.024,9.979,1.818,39.167,0.2549,0.76,27.24,71.31134516,5.15,63.70105289,0.55,1
9.212,10.192,1.984,39.853,0.2659,0.792,29.07,72.41766425,3.77,65.99558206,0.6,1
4.268,6.023,3.291,18.113,0.0924,0.277,28.95,76.99665518,3.82,33.40857784,0.61,1
4.273,6.148,3.308,18.71,0.0963,0.289,28.93,72.62344147,4.44,62.41804638,0.55,1
4.309,6.079,3.318,18.315,0.0942,0.282,27.93,71.79813916,3.21,46.95234939,0.58,1
3.963,5.674,3.102,16.961,0.0821,0.246,30.1,73.74981453,4.08,66.29327225,0.71,0
7.972,8.771,0.779,33.01,0.1877,0.587,31.12,73.19275311,3.7,54.67919444,0.73,1
8.053,8.859,0.829,33.344,0.1915,0.599,29.91,65.21066213,2.88,66.41127393,0.72,1
7.979,8.783,0.828,33.013,0.1882,0.588,32.12,60.36916574,3.8,43.01648482,0.72,1
7.578,8.792,2.939,30.89,0.1786,0.59,33.59,72.2783714,1.9,58.88651226,0.71,1
7.628,8.832,2.916,31.097,0.1802,0.595,30.72,70.27763712,1.97,69.37175656,0.66,0
5.601,6.722,2.198,22.62,0.1099,0.345,28.11,68.54985495,4.85,52.95472143,0.58,1
5.789,6.875,2.121,23.401,0.115,0.361,29.26,60.07628492,2.01,57.69130834,0.49,1
8.184,9.086,1.418,35.999,0.2099,0.63,30.71,76.70131881,3.93,62.48381744,0.74,1
8.185,9.239,1.454,36.635,0.217,0.651,29.03,72.42920183,3.23,35.05892658,0.7,1
8.191,9.1,1.466,35.998,0.2105,0.632,30.71,77.19020513,3.93,42.2256715,0.72,1
8.219,9.112,1.414,36.123,0.2111,0.634,30.62,79.20107706,2.95,53.6829275,0.72,1
8.278,9.155,1.252,36.524,0.2131,0.639,28.41,60.27708352,3.84,37.14091263,0.72,0
8.31,9.193,1.294,36.64,0.2149,0.645,28.42,61.23301893,2.36,57.68299664,0.66,0
8.398,9.325,1.607,36.822,0.2211,0.663,28.84,68.79796375,3.57,69.05615471,0.58,0
13.84,14.634,0.349,58.834,0.5422,1.629,32.85,64.62525332,3.5,68.25478271,0.69,1
13.81,14.601,0.35,58.691,0.5398,1.621,29.36,71.3382821,4.39,66.61801757,0.68,0
13.81,14.609,0.341,58.734,0.5404,1.623,30.06,65.40946509,3.78,57.42183213,0.68,1
13.85,14.642,0.242,58.954,0.5428,1.631,34.16,69.40648793,2.42,49.72561097,0.69,0
13.78,14.574,0.2,58.692,0.5378,1.615,29.28,73.01143548,3.2,53.97623618,0.65,1
13.58,14.368,0.546,57.535,0.5228,1.57,27.7,73.71370172,5.8,47.53311104,0.72,1
13.91,14.705,0.465,59.055,0.5475,1.645,33.96,65.19879738,1.78,61.52655806,0.69,0
13.92,14.715,0.518,59.056,0.5482,1.647,30.05,69.0837265,2.88,61.88909411,0.69,1
13.92,14.711,0.168,59.31,0.5479,1.646,30.18,69.26486374,3.77,52.35020197,0.68,0
9.556,10.415,1.256,39.304,0.271,0.827,26.33,79.90695395,3.05,33.29681123,0.74,0
9.362,10.237,1.361,38.529,0.2619,0.799,32.98,79.55438213,4.32,32.81517422,0.76,1
9.437,10.3,1.275,38.802,0.2651,0.809,35.48,72.47600989,2.85,32.33882937,0.71,0
9.301,10.195,1.549,38.347,0.2598,0.792,28.79,71.54406545,5.14,42.95864474,0.66,1
9.283,10.1,1.521,37.714,0.2313,0.778,29.38,67.23591703,5.17,43.75222553,0.7,0
6.401,7.291,1.575,26.478,0.1259,0.406,30.64,69.6415066,0.92,40.40995421,0.65,1
6.434,7.295,1.438,26.689,0.126,0.406,28.84,75.92556007,2.75,41.20909131,0.71,1
6.402,7.3,1.609,26.468,0.1262,0.407,30.64,73.9729514,0.92,50.43266842,0.7,1
6.507,7.372,1.456,26.979,0.1287,0.415,30.45,61.4348695,0.99,38.27367194,0.68,0
6.58,7.452,1.507,27.246,0.1315,0.424,28.78,76.99041412,1.24,33.45036027,0.52,1
7.752,8.547,0.543,34.437,0.1826,0.557,30.92,77.01607066,4.46,38.52738166,0.46,0
7.672,8.49,0.697,34.236,0.1802,0.55,26.95,77.99158314,2.27,68.79822874,0.46,1
3.745,4.859,1.64,15.964,0.0599,0.18,32.25,74.69750773,4.07,39.04191188,0.71,1
3.725,5.011,1.593,16.733,0.0638,0.192,28.5,78.35110472,4.45,36.78438841,0.69,1
3.768,4.872,1.614,16.054,0.0603,0.181,32.25,71.85505328,4.07,66.7840489,0.71,1
3.744,4.866,1.674,15.962,0.0601,0.181,33.12,77.68891448,3.0,39.36947915,0.71,1
3.829,4.927,1.602,16.324,0.0616,0.185,33.39,79.50672094,2.99,45.59000429,0.72,1
9.699,10.716,2.225,39.754,0.2921,0.875,33.46,63.47257692,3.76,50.15738954,0.75,0
9.66,10.709,2.319,39.691,0.2917,0.874,30.81,66.50879494,3.86,61.76880822,0.75,1
9.78,10.782,2.095,40.093,0.2957,0.886,30.88,74.97826813,3.53,49.04529668,0.7,1
9.697,10.724,2.166,39.812,0.2925,0.877,33.46,62.1518799,3.76,36.58511357,0.72,1
3.941,5.93,3.597,15.856,0.0882,0.269,35.72,69.23410023,1.34,54.18030888,0.69,1
4.425,5.481,1.971,17.646,0.068,0.229,30.51,70.49560198,4.22,39.09861655,0.63,1
4.432,5.473,1.933,17.691,0.0678,0.229,29.59,77.87393755,3.33,34.37332866,0.63,0
4.447,5.495,1.961,17.726,0.0684,0.231,30.23,68.06296364,3.58,30.90727348,0.68,1
8.432,9.617,2.719,37.53,0.2258,0.706,25.7,62.46488473,3.52,55.9973739,0.71,1
8.529,9.668,2.545,37.863,0.2282,0.713,30.99,71.94314642,4.44,69.86686822,0.67,1
8.557,9.681,2.492,37.952,0.2288,0.715,31.59,73.27698475,4.25,63.71724697,0.72,1
8.519,9.668,2.545,37.863,0.2282,0.713,30.99,72.98086051,4.44,51.86298416,0.67,0
8.568,9.692,2.497,37.998,0.2294,0.717,30.84,70.03798038,3.29,47.19930273,0.72,1
8.496,9.638,2.543,37.727,0.2268,0.709,28.62,60.37779444,5.3,54.47938887,0.7,0
8.765,9.104,1.507,35.842,0.2023,0.632,25.85,61.64317213,3.05,66.95135162,0.64,0
4.51,6.365,3.487,18.925,0.1011,0.309,32.34,70.53210628,3.39,47.91666667,0.66,0
8.746,9.68,1.616,36.281,0.24,0.715,33.5,78.47284475,3.01,30.69135841,0.4,0
8.764,9.666,1.552,36.228,0.2393,0.713,31.9,78.86017396,3.49,39.31489263,0.4,0
8.739,9.666,1.552,36.228,0.2393,0.713,31.9,72.78731281,3.49,55.88995249,0.4,1
8.476,9.352,1.082,38.107,0.2181,0.667,28.21,62.42849011,2.67,62.28461617,0.6,0
8.755,43.188,17.955,161.346,4.1135,13.6,27.88,65.98899862,3.62,63.12383977,0.4,0
8.73,43.171,17.267,162.087,4.1107,13.59,27.38,74.69864606,4.51,66.59879043,0.4,1
4.279,5.174,1.423,16.882,0.0606,0.204,29.62,79.54184995,0.25,64.72593525,0.59,1
4.279,5.149,1.356,16.888,0.06,0.203,27.2,67.40132942,0.84,47.04858465,0.64,1
4.279,5.181,1.445,16.872,0.0607,0.205,29.93,68.91904628,0.72,64.01845329,0.68,1
4.186,5.264,1.978,16.372,0.0627,0.212,28.6,73.78457351,0.43,53.89621612,0.62,1
3.64,5.622,3.483,16.117,0.0729,0.241,30.08,60.9341277,4.29,68.09006781,0.73,1
3.657,5.618,3.449,16.195,0.0728,0.241,30.99,61.93586358,6.27,61.54242094,0.73,0
3.688,5.628,3.425,16.328,0.0731,0.242,30.99,62.41199265,6.27,63.65177317,0.69,1
8.61,9.47,0.75,36.55,0.17,0.56,27.52,70.16858936,3.97,53.68443863,0.42,0
8.58,9.45,0.9,36.38,0.17,0.55,27.39,76.11315949,4.25,41.49074485,0.42,1
8.2,9.08,1.04,34.76,0.16,0.51,24.14088139,82.37762311,6.285616501,88.85580814,0.64,0
8.18,9.06,1.06,34.65,0.16,0.51,27.9,76.39032485,4.82,48.61110791,0.62,0
8.36,9.2,0.61,35.58,0.16,0.52,22.07059563,91.61943287,3.129581214,93.98003913,0.62,0
8.12,9.13,1.85,34.31,0.16,0.52,25.06732451,84.80546102,1.888464402,85.18433765,0.46,0
8.41,9.26,0.69,35.76,0.16,0.53,19.57010211,92.03032368,4.136780566,98.68376801,0.58,0
8.47,9.31,0.62,36.02,0.17,0.54,24.95967479,80.03945617,3.880916812,85.43608885,0.5,0
8.43,9.29,0.8,35.8,0.16,0.53,25.58315921,86.22178395,5.049216698,88.41013038,0.49,0
8.43,9.3,0.85,35.79,0.17,0.54,28.15,70.70572689,3.98,43.05157747,0.5,0
8.5,9.35,0.8,36.05,0.17,0.54,25.39095539,84.49269609,3.981086795,88.51790606,0.59,0
8.56,9.42,0.8,36.31,0.17,0.55,21.36840892,90.83308341,3.918620599,96.13732858,0.48,0
1.53,4.95,4.48,4.92,0.05,0.16,23.65031517,83.83000272,1.538812185,81.45519834,0.54,0
1.49,4.94,4.5,4.73,0.05,0.16,27.83,78.09418169,0.47,44.1321483,0.19,0
2.02,4.94,4.19,7.16,0.05,0.16,28.03,66.1869636,1.52,54.74455987,0.59,0
2.06,4.94,4.16,7.37,0.05,0.16,25.84,73.08919389,1.54,30.22139023,0.62,0
2.1,4.95,4.13,7.55,0.05,0.16,28.11,70.12549402,2.23,59.76953408,0.68,0
2.02,4.94,4.19,7.16,0.05,0.16,23.91100596,96.49082955,3.525336041,96.20632389,0.59,0
2.03,4.95,4.18,7.23,0.05,0.16,26.43382868,80.26978669,2.644035661,86.89437252,0.49,0
2.06,4.95,4.16,7.35,0.05,0.16,25.90246538,76.30333067,3.189179676,75.19637767,0.49,0
2.12,4.95,4.12,7.64,0.05,0.16,25.47922803,88.06909067,4.213827973,89.04085455,0.57,0
2.16,4.95,4.1,7.79,0.05,0.16,27.2,63.2172892,3.91,34.92907869,0.42,0
-1.35,0.85,0.72,6.18,0.01,0.02,25.84436315,83.0753997,3.265890638,75.60456573,0.69,0
-1.4,0.86,0.7,6.38,0.01,0.02,25.77,79.07931961,2.11,64.18673019,0.68,0
-1.27,0.83,0.75,5.79,0.0,0.02,27.74,69.55794203,2.65,59.73940494,0.66,0
-1.19,0.83,0.77,5.42,0.0,0.02,22.58023296,91.58741053,5.299082918,93.2266443,0.6,0
-1.07,0.83,0.81,4.89,0.0,0.01,26.0602143,87.12678757,2.44350677,83.90184841,0.66,0
-1.97,4.99,4.88,8.8,0.07,0.21,29.42266798,45.79691934,4.5,10.84038207,0.72,0
-1.82,4.91,4.83,8.1,0.06,0.2,32.28,73.30418767,4.19,52.1209936,0.6,0
-1.9,4.91,4.81,8.5,0.06,0.21,29.96,62.04951683,2.71,42.7049958,0.68,0
-1.72,4.89,4.83,7.7,0.06,0.2,30.53,61.17621737,3.04,46.77057762,0.68,0
-1.81,4.89,4.81,8.15,0.06,0.2,26.81637544,87.65504356,4.3072183,84.47759021,0.61,0
-1.62,4.86,4.81,7.25,0.06,0.2,25.51,68.69903604,2.22,32.21948803,0.48,0
-1.61,4.86,4.82,7.21,0.06,0.2,29.75,63.67310101,4.11,54.73756198,0.48,0
5.19,6.85,3.31,21.22,0.09,0.28,28.01,78.34823342,5.62,65.71554305,0.53,0
5.22,6.87,3.3,21.33,0.09,0.28,25.30478873,77.53453662,6.296872584,82.10236673,0.54,0
5.2,6.95,3.51,21.38,0.09,0.29,28.84,71.69750638,2.89,33.95065795,0.72,0
5.32,7.01,3.42,21.85,0.09,0.29,28.02,79.28695282,5.47,34.33300549,0.68,0
5.38,7.02,3.33,22.05,0.09,0.29,30.43,70.46138704,6.4,31.69746675,0.68,0
5.4,7.05,3.32,22.17,0.09,0.29,33.01,66.81235264,4.9,60.89311151,0.68,0
5.39,7.05,3.36,22.14,0.09,0.3,29.11234424,97.62786851,7.162587805,90.36571461,0.68,0
5.39,7.05,3.35,22.14,0.09,0.3,29.85048733,76.80359278,5.674294806,75.58609938,0.68,0
5.31,7.02,3.44,21.81,0.09,0.29,24.96371334,77.91674425,6.619395611,88.9777682,0.72,0
7.34,9.1,4.13,32.54,0.16,0.53,28.95,69.27924201,1.73,45.13719259,0.7,0
5.43,7.05,3.29,22.27,0.09,0.29,30.47998323,82.02609505,5.732130341,75.04411653,0.69,0
6.03,6.91,1.09,24.51,0.08,0.27,34.18,60.61404419,2.7,44.6729097,0.63,0
5.36,7.05,3.43,22.03,0.09,0.3,26.29712304,98.15924732,6.421333588,91.50868797,0.75,0
5.51,6.88,2.65,24.61,0.09,0.27,27.99,78.73660083,1.34,50.51593682,0.52,0
5.4,7.05,3.32,22.17,0.09,0.29,35.14530612,44.37519913,4.9,6.681473987,0.68,0
6.72,9.62,6.02,30.48,0.19,0.61,28.31,73.12663314,2.4,60.70014455,0.71,0
5.49,7.09,3.26,22.5,0.09,0.3,31.41,73.71859425,3.53,31.9640062,0.67,0
5.45,7.08,3.29,22.38,0.09,0.3,30.4196407,86.75409335,4.150628642,80.02542801,0.68,0
5.43,7.1,3.38,22.35,0.1,0.3,29.97840705,41.09197601,5.33,19.83931475,0.67,0
5.52,7.16,3.34,22.73,0.1,0.31,28.88157422,41.34809072,5.24,11.07385068,0.62,0
5.62,7.2,3.24,23.08,0.1,0.31,26.19521073,86.15072436,5.970706391,76.80468226,0.59,0
5.59,7.17,3.23,22.96,0.1,0.31,20.67041197,91.05708956,5.715596264,99.60394232,0.61,0
6.54,7.54,1.54,26.81,0.11,0.33,28.56303826,42.90454102,5.66,10.3575477,0.3,0
12.27,13.2,0.77,51.24,0.37,1.14,28.81,78.33654392,3.5,53.51217996,0.71,1
12.46,13.37,0.28,52.34,0.38,1.17,29.45,63.90191621,2.14,49.66354882,0.69,1
12.54,13.46,0.66,52.47,0.39,1.19,30.32,64.0356353,3.47,63.80490114,0.75,0
12.59,13.51,0.59,52.73,0.39,1.2,34.34,78.78560772,2.04,61.65474833,0.64,0
12.5,13.41,0.58,52.32,0.39,1.18,27.79,74.07752256,4.33,52.04482897,0.74,1
12.6,13.51,0.43,52.86,0.39,1.2,30.38,79.23913153,3.28,35.90535985,0.67,0
12.57,13.49,0.67,52.6,0.39,1.19,32.74,72.37997693,2.21,52.66867754,0.64,0
12.6,13.52,0.72,52.72,0.39,1.2,33.24,65.78168734,1.76,43.5520073,0.68,0
12.66,13.57,0.53,53.07,0.4,1.21,29.05,73.45666999,3.98,48.29953416,0.6,1
12.74,13.67,0.82,53.3,0.4,1.23,26.35,64.93044373,1.57,60.73042525,0.63,0
12.76,13.7,0.99,53.3,0.41,1.23,30.01,70.66782354,1.24,35.07734862,0.62,0
12.6,14.08,4.01,52.6,0.43,1.32,28.2,71.99320114,5.15,40.10885205,0.56,1
12.54,13.45,0.48,52.55,0.39,1.18,28.68,75.93853606,3.32,59.95133438,0.75,0
12.57,13.5,0.75,52.58,0.39,1.19,30.30069888,80.41070767,2.771586613,83.50149176,0.67,0
12.57,13.49,0.67,52.6,0.39,1.19,32.74,73.21695803,2.21,54.02547994,0.64,0
12.54,13.45,0.42,52.62,0.39,1.19,25.13715433,76.86175485,4.380049627,85.16708586,0.7,0
6.02,6.94,0.82,25.53,0.09,0.27,24.55808496,84.70081911,1.300422249,80.98244867,0.38,0
6.56,7.45,0.4,28.1,0.11,0.32,26.16119172,82.7798608,0.962288891,83.1757318,0.71,0
6.73,7.61,0.13,29.02,0.11,0.33,29.34,68.28737814,0.45,54.27501654,0.68,0
6.81,7.69,0.25,29.31,0.11,0.34,24.86120028,92.93106881,3.804504621,97.30600106,0.62,0
6.78,7.66,0.23,29.17,0.11,0.34,21.45150968,95.43295727,3.836513316,91.91459359,0.6,0
6.84,7.73,0.36,29.41,0.11,0.34,27.89128393,84.96358315,3.511559286,81.89236094,0.62,0
6.84,7.72,0.12,29.52,0.11,0.34,24.37550514,82.04284966,5.934297102,75.13305778,0.59,0
6.84,7.74,0.41,29.41,0.12,0.35,26.28651112,92.86630105,5.120724798,95.51447862,0.68,0
6.81,7.7,0.36,29.26,0.11,0.34,24.2918661,97.76707316,4.314865468,96.23112631,0.62,0
6.82,7.71,0.35,29.3,0.11,0.34,27.22883105,85.62962561,3.316019752,83.60887044,0.62,0
6.82,7.7,0.21,29.37,0.11,0.34,24.94088924,91.01680625,4.000257998,91.19701954,0.59,0
6.87,7.76,0.22,29.63,0.12,0.35,27.20333901,84.23774806,2.024501612,76.90977387,0.67,0
6.84,7.73,0.36,29.41,0.11,0.34,28.25626165,80.16370062,3.354903768,80.25873697,0.62,0
6.86,7.75,0.32,29.53,0.12,0.35,29.76966999,79.57419806,3.287877516,78.63756702,0.62,0
6.86,7.75,0.32,29.53,0.12,0.35,29.77157778,84.97709609,3.092524027,78.4639538,0.0,0
6.9,7.79,0.44,29.64,0.12,0.35,28.00090229,89.14692321,2.622985369,89.82332498,0.54,0
6.94,7.83,0.27,29.92,0.12,0.35,27.05489335,86.52123457,2.524458729,85.11769834,0.64,0
6.98,7.87,0.45,30.0,0.12,0.36,29.35,60.3297037,1.86,42.6645736,0.4,0
7.07,7.97,0.59,30.36,0.12,0.37,23.82122231,98.52979524,5.550014996,94.46598735,0.6,0
7.04,7.94,0.57,30.24,0.12,0.37,30.26,69.68023607,1.17,39.40124566,0.55,0
19.32,22.27,9.5,87.78,1.16,3.46,28.13,76.7851369,1.73,65.23069796,0.6,0
13.65,15.4,5.01,63.44,0.53,1.59,28.05,77.23819714,3.74,64.06187029,0.62,1
14.97,16.07,2.35,69.45,0.58,1.73,28.29,79.03360132,2.95,34.0124852,0.47,1
14.35,16.53,6.4,67.54,0.62,1.86,27.53,61.83419143,5.91,64.66540086,0.64,1
14.92,15.95,1.91,69.35,0.57,1.7,23.80562515,97.81788095,3.285854536,90.05910088,0.31,0
14.97,16.07,2.44,69.39,0.58,1.73,25.03000785,86.33860118,3.815835878,87.77348941,0.42,0
14.94,16.03,2.35,69.29,0.58,1.72,24.42751156,86.97812167,4.677743269,79.68313634,0.32,0
15.04,16.12,2.21,69.83,0.58,1.74,25.14817794,86.66073399,2.602250314,79.6348002,0.42,0
15.05,16.1,2.03,69.94,0.58,1.74,24.15409891,84.91316296,3.916964342,87.20334708,0.46,0
15.02,16.13,2.47,69.62,0.59,1.75,25.42781403,94.64678214,4.004503244,98.12702654,0.17,0
15.13,16.27,2.68,70.12,0.6,1.78,26.05043247,82.57314164,4.06516259,82.13119725,0.48,0
15.14,16.28,2.68,70.15,0.6,1.78,24.56767911,88.15241249,4.627744807,86.28745421,0.48,0
15.13,16.24,2.52,70.13,0.59,1.77,23.92064126,91.79117021,7.042517743,92.14048155,0.46,0
9.27,10.32,1.78,42.61,0.22,0.67,29.34,78.66261128,0.4,48.89535059,0.5,1
9.4,10.55,2.25,43.09,0.23,0.7,29.11,72.63924383,1.04,52.1793437,0.45,0
9.47,10.55,1.96,43.45,0.23,0.7,28.98,72.33410291,1.8,53.3688828,0.7,0
9.49,10.54,1.77,43.62,0.23,0.7,29.03,67.25640343,1.91,60.61091648,0.65,0
9.48,10.65,2.39,43.42,0.24,0.72,27.84,68.98999597,1.77,45.98783496,0.54,0
8.95,10.05,1.99,41.09,0.21,0.63,24.92949087,82.14131576,8.686130399,79.10731316,0.33,0
9.26,10.29,1.64,42.62,0.22,0.66,25.72,77.81756246,2.14,54.21707923,0.52,0
9.24,10.29,1.79,42.45,0.22,0.66,25.60182494,85.04050855,1.138119945,88.70643837,0.52,0
9.25,10.3,1.78,42.5,0.22,0.66,25.57351731,83.34781518,1.975509427,88.94494166,0.52,0
9.34,10.36,1.57,43.0,0.22,0.67,30.06178095,45.63321366,1.82,19.04269828,0.59,0
9.3,10.34,1.69,42.79,0.22,0.67,28.39,79.14588124,0.85,59.8031392,0.5,0
9.26,10.33,1.84,42.56,0.22,0.67,29.34,71.61182071,0.4,57.82556247,0.53,0
9.33,10.37,1.68,42.94,0.22,0.67,31.86833248,49.78769257,1.3,17.30487204,0.65,0
9.27,10.32,1.78,42.61,0.22,0.67,29.34,74.92500416,0.4,39.49555045,0.5,0
9.35,10.4,1.8,42.94,0.23,0.68,30.37,76.34766568,0.63,36.18984365,0.67,0
9.31,10.39,1.88,42.77,0.22,0.67,29.01,79.93273188,0.59,68.6845107,0.67,0
9.4,10.42,1.59,43.27,0.23,0.68,28.89,74.11992472,2.23,39.21766964,0.7,0
9.44,10.52,1.94,43.31,0.23,0.69,31.29369534,63.62304591,2.54,4.433630121,0.65,0
9.44,10.52,1.94,43.34,0.23,0.69,31.80418644,40.00481185,2.54,16.52203194,0.65,0
9.45,10.52,1.92,43.35,0.23,0.69,23.86616228,96.35093748,4.771669814,97.43228631,0.65,0
9.04,10.72,4.04,41.78,0.24,0.73,23.12,63.1445241,0.15,46.39512893,0.46,0
3.53,5.54,3.49,14.81,0.06,0.18,29.64591175,58.49181213,3.36,1.415721297,0.64,0
3.8,5.62,3.24,16.17,0.06,0.18,25.44942412,83.49611178,2.456609361,81.57855969,0.71,0
3.84,5.66,3.27,16.29,0.06,0.18,22.04214776,98.19621219,4.550810748,98.96892667,0.62,0
3.83,5.68,3.32,16.21,0.06,0.18,26.77613633,89.17563487,4.307808686,76.36853234,0.55,0
3.81,5.67,3.32,16.12,0.06,0.18,25.42375776,87.98589102,4.84352998,87.20586315,0.62,0
3.8,5.67,3.33,16.07,0.06,0.18,24.84068008,84.45570117,4.848214035,82.95144235,0.62,0
3.87,5.66,3.21,16.47,0.06,0.18,30.26,63.78288675,0.75,42.72591573,0.7,0
3.86,5.67,3.24,16.4,0.06,0.18,23.86899655,81.5948997,3.601395514,82.57219635,0.72,0
3.81,5.69,3.34,16.15,0.06,0.18,29.33,73.06876656,3.63,52.58199065,0.62,0
3.89,5.71,3.26,16.54,0.06,0.19,25.00255858,80.47356784,3.145232574,86.34289165,0.55,0
3.92,5.7,3.21,16.67,0.06,0.18,28.53,64.36712118,3.77,57.76938084,0.73,0
3.83,5.68,3.32,16.21,0.06,0.18,26.23501236,96.11168726,5.898933066,92.4561104,0.55,0
3.89,5.73,3.3,16.49,0.06,0.19,22.60639792,94.99479983,5.972290196,95.40576663,0.49,0
3.86,5.72,3.33,16.34,0.06,0.19,25.5247889,77.30073339,4.686718991,84.19572117,0.49,0
3.95,5.73,3.22,16.8,0.06,0.19,26.14755587,76.04642109,3.668701911,79.62895287,0.58,0
3.9,5.74,3.3,16.57,0.06,0.19,23.65378714,88.42071814,4.198830158,88.11988552,0.53,0
3.93,5.76,3.3,16.69,0.06,0.19,22.18858973,96.1255483,5.796890594,93.86803867,0.57,0
3.95,5.77,3.28,16.78,0.06,0.19,21.27140509,92.95036917,5.895761529,97.5640882,0.57,0
3.95,5.79,3.32,16.77,0.06,0.19,24.86591059,83.55149054,3.905180245,84.43527378,0.53,0
4.02,5.81,3.24,17.09,0.06,0.19,25.38056389,88.1173455,4.625830166,78.12031552,0.53,0
3.95,5.8,3.32,16.77,0.06,0.19,25.76365087,82.20446342,3.380714363,78.74964367,0.53,0
3.46,5.97,4.2,14.56,0.07,0.22,29.61,74.45857146,0.97,56.36421837,0.56,0
6.76,8.79,4.55,30.22,0.15,0.49,29.65,69.05649071,4.11,69.07520305,0.7,0
7.36,9.1,4.09,32.6,0.16,0.53,29.54,61.04620263,2.74,38.08597411,0.7,1
7.31,9.09,4.16,32.43,0.16,0.53,27.88,79.74515134,2.95,39.0871101,0.68,1
7.35,9.12,4.15,32.62,0.16,0.53,28.97,68.44846376,1.54,68.61653709,0.66,1
7.34,9.11,4.14,32.55,0.16,0.53,28.95,77.08431271,1.73,44.50436725,0.7,1
7.22,8.93,3.98,31.88,0.15,0.5,27.1,71.08716131,3.98,45.5631325,0.71,0
7.13,9.0,4.31,31.73,0.15,0.52,26.13,67.01829939,1.8,37.59680806,0.7,0
7.34,9.08,4.09,32.49,0.16,0.52,28.19,77.26605049,3.48,60.90546025,0.68,0
7.36,9.1,4.09,32.6,0.16,0.53,26.83805736,77.85304581,3.450136049,82.23404824,0.7,0
7.29,9.1,4.24,32.37,0.16,0.53,27.58,65.28308811,2.39,45.36810438,0.68,0
7.26,9.06,4.2,32.23,0.16,0.52,24.72,77.50140857,2.58,52.24170975,0.68,0
7.39,9.11,4.04,32.72,0.16,0.53,29.54,62.62475442,2.74,59.62730913,0.69,0
7.47,9.18,4.04,33.06,0.16,0.54,27.86,67.89866612,2.0,53.57056579,0.63,0
7.44,9.16,4.05,32.96,0.16,0.53,29.04,71.35518006,2.02,37.26643918,0.64,0
7.36,9.15,4.21,32.68,0.16,0.53,27.79,70.68867859,2.85,41.02595451,0.69,0
7.62,9.26,3.91,33.67,0.16,0.55,29.47,62.22086942,2.09,37.18478406,0.54,0
6.03,6.91,1.06,24.49,0.08,0.27,33.04,70.23472612,3.11,58.08744232,0.63,1
6.12,6.99,0.99,24.88,0.09,0.28,29.79,64.12399502,2.77,51.3601857,0.68,0
6.22,7.08,0.86,25.25,0.09,0.29,30.87,71.47165865,2.06,68.77958011,0.58,0
5.82,6.7,1.04,23.58,0.08,0.25,27.97,67.60499558,3.13,62.49519571,0.74,0
5.89,6.81,1.26,24.01,0.08,0.26,29.13,61.30425071,1.75,69.45075917,0.76,0
5.98,6.87,1.16,24.32,0.08,0.27,25.11131362,78.69680952,4.19574073,89.96703141,0.7,0
6.04,6.92,1.02,24.53,0.08,0.27,30.02830199,80.51964394,4.582565199,82.23564024,0.64,0
6.0,6.88,1.06,24.38,0.08,0.27,27.97631471,87.13181047,4.265380654,84.20548129,0.7,0
5.98,6.88,1.19,24.34,0.08,0.27,25.12941513,87.31172452,3.910972899,82.34652928,0.72,0
6.02,6.91,1.09,24.48,0.08,0.27,30.71259158,87.40223977,3.792694462,76.33914078,0.63,0
6.03,6.92,1.1,24.53,0.09,0.27,31.35453541,76.37513198,3.977554411,78.90012324,0.63,0
6.03,6.9,1.04,24.47,0.08,0.27,31.33651091,87.66515553,4.070192505,80.87263124,0.64,0
6.02,6.92,1.17,24.54,0.09,0.27,27.22436969,80.50119616,4.603618142,83.26598816,0.65,0
6.01,6.9,1.12,24.45,0.08,0.27,27.9347661,88.72714893,3.971081993,89.33177493,0.63,0
6.03,6.91,1.06,24.49,0.08,0.27,31.05908305,77.82851468,4.073621427,76.41779205,0.63,0
6.1,6.97,1.01,24.79,0.09,0.28,32.45,71.6292556,3.13,52.27945092,0.7,0
6.08,6.98,1.13,24.79,0.09,0.28,27.27470153,83.6081326,5.512391627,75.47270899,0.72,0
6.16,7.03,0.95,25.03,0.09,0.28,29.74,66.3394533,4.74,64.70684321,0.69,0
6.25,7.11,0.84,25.38,0.09,0.29,26.39983337,84.92641296,3.121295602,76.82014964,0.67,0
6.16,7.03,0.95,25.03,0.09,0.28,27.19642101,79.69600963,5.749000713,83.68460542,0.69,0
6.57,7.42,0.79,26.59,0.1,0.32,27.06,77.27663537,6.59,67.31400455,0.39,0
5.17,6.59,2.74,22.94,0.08,0.25,24.48565078,82.45164039,3.388992571,79.7175025,0.61,0
5.48,6.83,2.59,24.52,0.09,0.27,22.16130146,78.12648282,1.678654942,88.27246783,0.55,0
5.47,6.87,2.72,24.41,0.09,0.27,24.88356155,81.57405915,3.012351708,89.04414106,0.63,0
5.45,6.84,2.68,24.31,0.09,0.27,26.12519748,83.9757812,2.044664591,84.85183718,0.55,0
5.46,6.84,2.68,24.37,0.09,0.27,25.78836921,78.24875605,2.880292867,82.48902135,0.55,0
5.56,6.9,2.57,24.91,0.09,0.27,25.98070952,77.06478166,2.159977858,88.21596896,0.65,0
5.48,6.87,2.68,24.47,0.09,0.27,24.3428803,91.21156967,3.953034729,92.04030335,0.52,0
5.48,6.87,2.68,24.47,0.09,0.27,23.75753971,98.02439803,3.784644847,92.95575371,0.52,0
5.55,6.95,2.72,24.79,0.09,0.28,22.60416416,98.98788939,4.499558197,92.00046572,0.25,0
5.52,6.93,2.74,24.63,0.09,0.28,25.08510481,86.30615057,3.919734533,85.8349148,0.25,0
5.51,6.93,2.77,24.6,0.09,0.28,25.08748272,87.41961797,4.333272,87.63542232,0.25,0
5.57,6.97,2.74,24.88,0.09,0.28,26.06,70.43261903,2.57,62.15866201,0.18,0
5.62,7.02,2.75,25.11,0.09,0.29,22.57151822,80.46857662,1.676293273,80.40284189,0.16,0
5.69,7.09,2.74,25.46,0.1,0.29,24.5737831,80.70021688,3.187245847,88.04497263,0.49,0
5.13,7.33,4.27,22.84,0.11,0.33,22.44957122,95.1693258,7.493613874,95.21403891,0.58,0
13.73,14.75,1.67,64.55,0.48,1.44,27.43,78.76298232,4.73,56.87019086,0.12,1
13.67,14.84,2.71,63.85,0.49,1.46,25.17998284,76.42354029,7.404207977,79.22726185,0.37,0
13.95,15.01,2.04,65.38,0.5,1.5,22.7568506,95.97426569,3.922657943,92.04011108,0.25,0
14.0,15.09,2.22,65.54,0.51,1.51,21.9358015,89.36794351,3.628790528,83.95719477,0.36,0
14.0,15.12,2.52,65.4,0.51,1.52,25.74456712,83.31911688,6.896510116,83.03417052,0.17,0
13.97,15.09,2.44,65.31,0.51,1.52,25.2258894,87.35103819,7.470983637,87.64965649,0.36,0
14.09,15.15,2.13,65.95,0.51,1.53,23.74113267,75.31466136,5.782782656,81.48563419,0.23,0
14.0,15.12,2.44,65.47,0.51,1.52,25.91429219,84.07794943,7.179830111,88.64238001,0.3,0
14.0,15.12,2.44,65.47,0.51,1.52,26.12418343,75.29861209,6.596379809,80.57690211,0.3,0
14.02,15.1,2.15,65.66,0.51,1.52,20.25011577,94.73076824,5.62349184,93.34613713,0.35,0
14.07,15.14,2.15,65.85,0.51,1.53,21.49071184,80.08170284,5.423791776,88.68958988,0.23,0
14.07,15.15,2.23,65.84,0.51,1.53,23.02667995,83.66309364,6.060114076,80.62903389,0.3,0
14.02,15.12,2.35,65.56,0.51,1.52,23.21168727,83.69056965,4.867696103,89.31682117,0.3,0
14.08,15.2,2.48,65.8,0.52,1.54,22.07854752,97.40695827,6.639373348,95.13158894,0.13,0
14.05,15.18,2.54,65.63,0.51,1.54,25.2376317,75.15497784,6.303292051,83.29928181,0.13,0
14.1,15.23,2.5,65.89,0.52,1.55,23.74095842,80.93651675,5.865746582,85.76577724,0.23,0
14.1,15.23,2.5,65.9,0.52,1.55,24.31550112,86.73894764,4.460366522,83.94663145,0.23,0
14.16,15.28,2.51,66.14,0.52,1.56,22.69395053,78.22529484,4.557894679,86.38071915,0.27,0
14.16,15.29,2.57,66.13,0.52,1.56,25.4086678,78.27704829,5.898944606,76.87864519,0.23,0
14.16,15.32,2.71,66.12,0.52,1.57,25.01339211,85.64274271,5.969329363,89.83362757,0.27,0
2.97,4.87,3.12,11.75,0.04,0.13,27.69,73.79953372,4.18,59.40837117,0.27,0
2.63,4.86,3.49,10.15,0.05,0.14,24.37791411,78.55718173,1.977524524,84.24701035,0.61,0
3.22,4.93,2.89,12.9,0.04,0.13,25.31110124,83.47864463,2.24255086,75.17640047,0.65,0
3.25,4.96,2.89,13.05,0.04,0.13,25.53,75.27510869,2.07,36.77568784,0.66,0
3.25,4.98,2.92,13.01,0.04,0.14,24.10764275,96.83648647,6.335994277,93.60953205,0.6,0
3.25,4.98,2.92,13.01,0.04,0.14,26.50801229,82.42239791,4.57641383,83.46406388,0.6,0
3.25,4.98,2.92,13.01,0.04,0.14,28.24,73.914157,3.59,40.08699349,0.6,0
3.28,4.99,2.89,13.17,0.04,0.14,25.35809154,87.72662694,3.332148109,85.36128062,0.6,0
3.28,5.01,2.92,13.16,0.05,0.14,23.79427815,96.62632082,5.802359241,97.57599537,0.42,0
3.31,5.02,2.89,13.28,0.05,0.14,29.4,62.03026331,2.94,45.28552936,0.42,0
3.32,5.02,2.89,13.3,0.05,0.14,23.04172885,91.4206574,5.156538269,94.31862573,0.42,0
3.33,5.03,2.88,13.36,0.05,0.14,26.03092981,75.11346883,2.965271659,89.65282607,0.48,0
3.36,5.02,2.82,13.52,0.05,0.14,28.43,70.22877311,4.15,68.96311803,0.52,0
3.36,5.05,2.87,13.48,0.05,0.14,23.43145328,97.78214256,6.653346357,94.55607166,0.55,0
3.34,5.05,2.9,13.41,0.05,0.14,24.52492946,97.45469634,5.173950466,93.14895042,0.55,0
3.37,5.05,2.86,13.56,0.05,0.14,20.81190977,91.77864018,4.8430084,98.55221191,0.55,0
3.38,5.07,2.88,13.59,0.05,0.14,27.46,65.48870884,3.91,48.89209705,0.42,0
3.44,5.08,2.82,13.84,0.05,0.14,27.28,67.01518332,4.55,35.47069891,0.42,0
3.4,5.06,2.84,13.67,0.05,0.14,20.61789139,94.96005169,4.671478101,96.34369413,0.42,0
6.75,9.62,5.97,30.6,0.19,0.61,29.43,68.77207786,3.7,43.57645289,0.71,1
6.72,9.63,6.03,30.48,0.19,0.61,28.31,69.64454273,2.4,48.63093074,0.71,0
6.75,9.62,5.97,30.6,0.19,0.61,29.43,79.8243009,3.7,61.1140615,0.71,0
6.72,9.61,6.01,30.46,0.19,0.61,28.31,76.76399768,2.4,58.38513645,0.71,1
6.85,9.37,5.42,30.79,0.17,0.57,27.39,69.76139645,0.11,43.51037873,0.56,0
6.06,9.23,6.19,27.64,0.17,0.56,27.71,65.05554171,5.11,51.14109616,0.69,0
6.48,9.49,6.11,29.44,0.18,0.59,26.74,60.50847618,2.1,67.24676719,0.71,0
6.63,9.57,6.05,30.08,0.18,0.6,25.13,72.17384358,3.3,52.9006857,0.69,0
6.73,9.59,5.96,30.48,0.18,0.6,28.64,70.09033307,4.6,57.41337079,0.69,0
6.8,9.63,5.93,30.78,0.19,0.61,25.88529841,76.34228617,5.117351569,84.59274607,0.68,0
6.64,9.62,6.12,30.18,0.19,0.61,24.3134525,86.16542537,4.241823948,86.07100806,0.74,0
6.6,9.57,6.09,29.97,0.18,0.6,22.95016995,83.5207606,4.40731321,89.43935651,0.75,0
6.85,9.68,5.94,31.03,0.19,0.61,24.75483858,75.76423578,3.361930593,88.25557393,0.7,0
6.84,9.69,5.98,31.0,0.19,0.62,26.38416352,83.65557982,3.393020355,81.4844882,0.7,0
6.88,9.69,5.92,31.15,0.19,0.61,28.68,70.3647945,4.42,33.98025221,0.7,0
6.87,9.72,5.98,31.15,0.19,0.62,29.56,73.23805361,1.33,52.20420647,0.67,0
6.87,9.71,5.98,31.13,0.19,0.62,25.55385848,76.14975426,3.581395833,88.34237357,0.67,0
6.71,9.68,6.12,30.52,0.19,0.62,28.07,60.61306591,3.61,35.2751839,0.7,0
7.04,9.82,5.92,31.89,0.19,0.63,28.22866917,78.90817898,3.321666669,75.2227845,0.59,0
6.75,8.83,4.65,30.54,0.15,0.5,30.42,62.5748465,4.66,65.26223578,0.73,0
6.73,8.84,4.69,30.45,0.15,0.5,29.82,75.9746155,3.75,44.29605155,0.73,0
6.72,8.83,4.69,30.42,0.15,0.5,29.82,64.35712133,3.75,48.4971284,0.73,1
6.73,8.84,4.7,30.47,0.15,0.5,29.82,72.26583405,3.75,35.31324478,0.73,0
6.87,8.91,4.6,31.05,0.15,0.51,27.71,70.87836207,3.33,31.77070759,0.7,0
6.51,8.73,4.85,29.55,0.14,0.49,26.47,75.6814683,2.92,46.76444943,0.72,0
6.86,8.9,4.6,30.99,0.15,0.51,27.71,61.05981659,3.33,39.02146926,0.72,0
6.73,8.81,4.65,30.43,0.15,0.5,28.52,64.05910071,5.74,67.45129501,0.69,0
6.75,8.81,4.61,30.49,0.15,0.5,28.52,62.21634216,5.74,45.34271753,0.7,0
6.62,8.8,4.8,30.03,0.15,0.5,21.36306996,75.33205789,5.765996357,89.2642372,0.7,0
6.95,8.99,4.62,31.42,0.15,0.52,29.14606707,53.20270972,4.89,15.92421366,0.72,0
6.84,8.88,4.59,30.92,0.15,0.5,29.15,79.46201724,3.45,57.57639043,0.72,0
6.86,8.89,4.57,31.0,0.15,0.51,26.58925275,76.37689015,5.058983773,84.80939493,0.72,0
6.64,8.8,4.75,30.11,0.15,0.5,24.44,71.2741356,5.03,40.44969724,0.69,0
7.03,8.99,4.49,31.7,0.15,0.52,29.31,68.60397483,3.64,36.83822152,0.7,0
6.67,7.82,2.38,27.73,0.11,0.37,36.9,79.2735895,3.77,66.43924647,0.68,1
6.66,7.82,2.42,27.67,0.11,0.37,34.98,60.4993685,3.77,59.89708309,0.68,0
6.61,7.72,2.2,27.59,0.11,0.36,34.28447857,59.1323378,1.86,6.304104574,0.73,0
6.65,7.79,2.31,27.71,0.11,0.37,32.23,73.55733835,4.72,36.48904767,0.69,0
6.64,7.8,2.4,27.6,0.11,0.37,32.59,74.02062476,3.94,58.84176855,0.69,0
6.66,7.82,2.42,27.67,0.11,0.37,34.98,63.80403583,3.77,53.11617792,0.68,0
6.63,7.8,2.41,27.56,0.11,0.37,31.51,72.4679315,4.31,56.36743742,0.69,0
6.67,7.8,2.27,27.82,0.11,0.37,25.40436426,94.16284871,7.111083215,99.24004745,0.67,0
6.68,7.83,2.38,27.78,0.11,0.37,36.9,68.87301199,3.77,30.43312133,0.68,0
6.65,7.83,2.45,27.63,0.11,0.37,34.98,63.65734171,3.77,44.687072,0.67,0
6.72,7.84,2.29,28.0,0.11,0.37,34.01,67.78173297,3.85,57.6260046,0.67,0
6.71,7.86,2.37,27.93,0.11,0.37,36.4,67.25244399,2.82,35.90955221,0.62,0
6.68,7.84,2.38,27.82,0.11,0.37,36.9,78.958019,3.77,35.18344321,0.68,0
6.68,7.88,2.52,27.76,0.11,0.38,32.11,64.68263331,2.01,65.0370898,0.69,0
6.71,7.9,2.47,27.92,0.11,0.38,36.51,63.71357081,2.19,41.41204816,0.69,0
6.73,7.92,2.49,27.96,0.12,0.38,34.42,72.27811482,2.1,42.55516809,0.67,0
6.76,7.96,2.53,28.09,0.12,0.38,34.4,69.76870591,3.55,42.14284128,0.67,0
6.83,8.02,2.5,28.43,0.12,0.39,29.92,78.81374618,3.37,52.98005611,0.7,0
6.76,8.01,2.68,28.06,0.12,0.39,26.38183631,79.05434541,4.453076028,89.91992738,0.71,0
5.45,7.42,3.99,25.22,0.11,0.33,29.4,66.87545133,0.17,64.0881442,0.58,0
5.46,7.48,4.07,25.26,0.11,0.34,21.08840973,91.28256104,4.412393265,97.24281403,0.62,0
5.42,7.48,4.15,25.0,0.11,0.34,26.66453018,87.56098364,3.025860098,80.3958013,0.62,0
5.44,7.5,4.15,25.09,0.11,0.34,25.617704,80.84019879,4.450737545,81.56172451,0.49,0
5.41,7.48,4.16,24.94,0.11,0.34,27.17211504,88.31029115,3.760887839,76.56040017,0.62,0
5.5,7.49,4.03,25.45,0.11,0.34,20.9269186,94.62635311,4.333238517,96.25543002,0.44,0
5.46,7.51,4.12,25.22,0.11,0.34,25.14177103,78.93732489,2.502018466,78.77394696,0.49,0
5.48,7.51,4.11,25.31,0.11,0.35,22.8228208,91.21814219,4.838870628,95.72272779,0.49,0
5.38,7.47,4.17,24.8,0.11,0.34,27.525766,77.57132362,4.434849942,80.6460951,0.62,0
5.55,7.53,4.03,25.7,0.11,0.35,26.13914016,75.8717126,2.699957998,82.61227518,0.5,0
5.44,7.5,4.15,25.09,0.11,0.34,26.09159398,80.83783391,4.07854423,88.77896073,0.49,0
5.56,7.54,4.02,25.77,0.11,0.35,28.94,63.80825953,2.43,62.6833699,0.5,0
5.45,7.55,4.22,25.13,0.11,0.35,29.51,75.90259822,2.84,67.61958358,0.68,0
5.47,7.55,4.2,25.22,0.11,0.35,27.1922919,85.76804654,3.788088464,83.80142212,0.68,0
5.5,7.57,4.17,25.39,0.11,0.35,27.57864822,88.59716646,3.553999512,87.32845156,0.68,0
5.5,7.57,4.18,25.39,0.11,0.35,27.64883572,86.59325342,2.270412727,76.6983675,0.68,0
5.51,7.59,4.19,25.44,0.11,0.35,31.22,69.02044291,1.21,41.37012548,0.7,0
5.6,7.58,4.05,25.92,0.11,0.35,29.59,77.0826614,2.14,69.5613042,0.7,0
5.59,7.65,4.18,25.82,0.12,0.36,24.64270661,82.65612722,2.167613033,81.92737727,0.69,0
5.55,7.66,4.26,25.61,0.12,0.36,31.67,60.12326316,0.63,66.46990944,0.7,0
5.55,7.67,4.27,25.59,0.12,0.36,31.72,72.6485402,1.43,44.43566213,0.7,0
4.69,7.81,5.56,21.49,0.13,0.39,24.52159991,85.49173375,2.625419409,78.49435638,0.5,0
4.7,7.86,5.63,21.57,0.13,0.4,25.69290908,87.82873527,3.935399305,76.80955621,0.59,0
12.93,13.85,0.56,58.73,0.42,1.26,29.92,65.69722878,2.06,31.58080555,0.69,0
13.02,13.95,0.9,58.97,0.42,1.28,31.22,72.77241849,1.31,35.89066941,0.58,0
13.02,13.96,0.83,59.01,0.42,1.28,31.16,60.06582801,1.3,48.79875317,0.58,1
13.04,13.97,0.8,59.08,0.42,1.28,31.16,70.03027902,1.3,55.89895718,0.58,1
13.06,13.99,0.61,59.27,0.43,1.29,29.98,75.10338183,2.91,58.65184138,0.71,1
12.97,13.91,0.96,58.73,0.42,1.27,29.78,72.93047765,1.64,65.46920462,0.72,0
13.07,14.0,0.76,59.24,0.43,1.29,31.48,72.99032582,2.12,31.93807494,0.62,1
13.09,14.03,0.92,59.29,0.43,1.3,30.81,75.49441004,0.71,65.91367152,0.48,0
13.11,14.05,0.95,59.37,0.43,1.3,30.41,76.6950415,0.74,54.43853985,0.51,0
13.13,14.05,0.64,59.52,0.43,1.3,29.7,64.75362833,3.04,31.30174728,0.57,0
13.15,14.09,0.96,59.51,0.43,1.31,30.67,70.54644003,2.75,32.14840708,0.58,0
12.84,14.33,4.09,58.8,0.45,1.37,27.67,65.44493753,1.61,53.94351574,0.67,0
12.88,14.4,4.18,59.05,0.46,1.38,28.85,79.11644076,5.2,30.1027901,0.5,0
13.0,13.92,0.72,58.94,0.42,1.28,28.32,71.03036971,2.79,40.86365503,0.72,0
12.99,13.93,0.9,58.87,0.42,1.28,30.82,77.51109239,1.09,55.43049532,0.72,0
13.02,13.96,0.97,58.95,0.42,1.28,31.22,77.24513388,1.31,65.54487542,0.65,0
13.07,14.01,0.98,59.17,0.43,1.29,30.81,79.49947784,0.71,68.52289858,0.48,0
13.1,14.03,0.93,59.29,0.43,1.3,30.41,70.65921621,0.74,31.20432534,0.48,0
13.15,14.1,1.05,59.49,0.43,1.31,30.77,62.29381544,1.2,61.16112552,0.58,0
13.19,14.14,1.08,59.68,0.44,1.32,29.94,77.89334886,1.74,50.84948164,0.52,0
13.19,14.14,1.11,59.67,0.44,1.32,31.11,78.86494736,1.42,69.07148822,0.52,0
7.09,7.99,0.39,30.15,0.12,0.37,28.5,64.61708807,4.51,50.46288534,0.59,1
7.27,8.17,0.42,30.86,0.13,0.39,29.75,71.2937314,3.9,61.59650651,0.62,1
6.99,7.88,0.25,29.81,0.12,0.36,29.94,63.60199724,1.03,33.45029438,0.6,0
7.06,7.95,0.3,30.06,0.12,0.37,25.71,62.51332157,1.69,56.85515864,0.59,0
7.09,7.98,0.37,30.15,0.12,0.37,25.88606558,76.79248277,3.223670828,84.8302355,0.59,0
7.11,8.0,0.32,30.25,0.12,0.37,27.62,68.54116942,2.52,54.92637494,0.59,0
7.1,8.0,0.33,30.22,0.12,0.37,27.62,67.98409354,2.52,68.13894686,0.59,0
7.07,7.96,0.39,30.06,0.12,0.37,28.12,78.09793297,5.3,33.75009306,0.59,0
7.09,7.99,0.42,30.15,0.12,0.37,28.5,78.84502332,4.51,57.34598323,0.41,0
7.13,8.03,0.3,30.36,0.13,0.38,25.8800004,83.33847347,3.290721062,80.1009936,0.6,0
7.12,8.01,0.21,30.34,0.13,0.37,25.69412495,75.09025194,5.037685242,77.83109024,0.67,0
7.15,8.05,0.43,30.38,0.13,0.38,27.78,75.61883803,4.24,50.00047776,0.34,0
7.15,8.04,0.41,30.37,0.13,0.38,28.43,70.85629688,2.44,44.19113012,0.34,0
7.16,8.06,0.37,30.46,0.13,0.38,28.43,73.27146901,2.44,47.49320579,0.34,0
7.18,8.08,0.38,30.54,0.13,0.38,25.61316413,77.45223055,3.639912815,88.64082752,0.57,0
7.18,8.08,0.37,30.54,0.13,0.38,27.48,70.77752129,2.61,32.29032767,0.57,0
7.18,8.07,0.21,30.58,0.13,0.38,28.17,63.23107518,2.77,63.92806939,0.7,0
7.22,8.11,0.37,30.67,0.13,0.39,28.02,69.79893689,2.31,49.01115335,0.62,0
7.27,8.17,0.41,30.87,0.13,0.39,29.29,60.13096296,3.22,68.98852616,0.55,0
7.27,8.17,0.42,30.9,0.13,0.39,29.75,61.13945132,3.9,69.54471524,0.55,0
7.3,8.19,0.28,31.02,0.13,0.39,26.37382204,89.51745261,2.807274911,81.488139,0.61,0
7.26,8.16,0.38,30.86,0.13,0.39,25.42703553,77.18473569,5.406848685,82.84139694,0.62,0
7.33,8.46,2.03,31.33,0.14,0.43,30.99,73.38782546,5.65,49.76125756,0.67,0
0.93,2.3,1.71,2.14,0.01,0.02,24.1766595,80.41006846,1.180943576,75.80567407,0.61,0
1.35,2.4,1.32,4.12,0.01,0.02,26.02833587,81.80270239,3.812329327,75.86493002,0.51,0
1.35,2.4,1.32,4.12,0.01,0.02,26.85921072,79.35971202,3.71851718,82.09727765,0.28,0
1.37,2.42,1.32,4.21,0.01,0.02,24.37297721,84.87602884,4.132624664,87.13870902,0.35,0
1.38,2.43,1.31,4.28,0.01,0.02,23.28129014,96.08698262,6.124207606,99.10330096,0.3,0
1.31,2.39,1.37,3.92,0.01,0.02,26.34351796,84.17763306,3.277224109,88.62396903,0.44,0
1.41,2.44,1.29,4.4,0.01,0.02,23.78838433,96.00094836,5.377568916,97.75880467,0.18,0
1.46,2.47,1.26,4.63,0.01,0.02,25.34406313,77.6185782,4.990161549,87.83623214,0.34,0
1.43,2.44,1.25,4.51,0.01,0.02,28.56832371,79.75044798,3.552515937,85.15040413,0.45,0
1.31,2.39,1.37,3.92,0.01,0.02,26.22805789,86.5466833,2.409895702,81.83172093,0.44,0
1.31,2.39,1.36,3.94,0.01,0.02,26.65931401,81.85950196,3.267143416,83.2382524,0.44,0
1.31,2.39,1.37,3.92,0.01,0.02,28.01308771,82.43630631,2.741959875,86.95274827,0.45,0
1.28,2.38,1.39,3.8,0.01,0.02,28.34,65.55033444,2.36,60.09468818,0.36,0
1.54,2.68,1.51,5.01,0.01,0.03,30.65,65.91610197,2.98,35.31497836,0.68,0
6.92,9.68,5.75,29.01,0.2,0.6,28.97,75.89815119,0.71,68.78927499,0.61,1
6.68,9.46,5.7,28.02,0.19,0.57,27.74456271,76.90298832,2.981010048,84.35718094,0.42,1
6.68,9.46,5.7,28.02,0.19,0.57,32.19225513,59.14227658,2.04,9.54137466,0.42,1
6.93,9.67,5.73,29.04,0.2,0.6,30.61,65.12747516,0.39,68.29356596,0.61,1
6.53,9.39,5.8,27.41,0.19,0.57,25.03650876,78.0678906,1.959002158,79.14429583,0.45,0
6.62,9.48,5.83,27.79,0.19,0.58,26.18866901,82.08239132,3.39792661,82.85301706,0.57,0
6.74,9.53,5.75,28.27,0.19,0.58,26.21397421,80.50444716,1.388131092,79.41649249,0.58,0
6.62,9.42,5.72,27.75,0.19,0.57,25.89683421,85.70925163,2.46886318,79.09258913,0.45,0
6.77,9.56,5.76,28.39,0.19,0.59,26.29467837,81.3457336,2.942234073,81.69967569,0.48,0
6.93,9.68,5.73,29.08,0.2,0.6,30.61,68.09128749,0.39,47.23697043,0.61,0
6.93,9.68,5.73,29.08,0.2,0.6,28.32995556,76.19114462,1.24820724,83.53720609,0.61,0
6.77,9.52,5.69,28.39,0.19,0.58,26.76077329,84.32907965,2.839895315,77.0369561,0.58,0
6.66,9.55,5.88,27.97,0.19,0.59,25.2625985,78.6627805,4.779058973,87.95625783,0.57,0
6.8,9.6,5.77,28.54,0.2,0.59,26.78915502,75.75977438,1.284131763,86.0526596,0.47,0
6.91,9.17,4.85,28.78,0.18,0.53,22.19527701,83.52643005,1.558752498,81.18612659,0.4,0
6.39,9.3,5.84,26.84,0.18,0.56,25.30806691,75.52413298,2.249739648,88.72185522,0.45,0
8.3,10.11,4.23,34.97,0.21,0.65,25.44052914,81.34187933,2.280712561,88.74493532,0.42,0
6.88,9.66,5.77,28.86,0.2,0.6,27.57822311,75.08643974,2.855413432,79.96366187,0.55,0
6.66,9.55,5.88,27.97,0.19,0.59,24.54389411,79.28075948,4.404234745,75.9249309,0.57,0
6.8,9.62,5.82,28.54,0.2,0.6,25.21277506,85.59257246,2.659198377,80.8008137,0.6,0
6.69,9.57,5.88,28.09,0.2,0.59,25.92482286,81.2370293,2.550381991,86.36055987,0.57,0
8.39,10.18,4.21,35.35,0.22,0.66,24.26830651,96.63366127,4.357724812,95.49050152,0.54,0
6.62,9.41,5.71,27.75,0.19,0.57,26.89525342,83.33191799,2.648885218,83.23034544,0.45,0
1.58,4.99,4.47,5.58,0.05,0.16,22.77695076,84.21258068,4.287298499,79.06292184,0.67,0
1.75,5.08,4.46,6.44,0.05,0.17,30.84782923,57.00274762,1.53,13.6635639,0.53,0
1.9,5.18,4.49,7.16,0.06,0.17,28.2055249,78.69715513,3.134347834,86.69051604,0.61,0
1.73,5.04,4.44,6.31,0.05,0.17,26.47521331,81.75334954,3.084291875,76.21753689,0.59,0
1.58,4.99,4.47,5.58,0.05,0.16,26.46,63.91473525,3.0,33.03520224,0.67,0
9.12,12.49,7.57,43.54,0.33,1.05,27.00586666,77.59309474,3.043511912,76.77997742,0.54,0
9.75,12.1,5.86,45.7,0.31,0.97,31.40881433,49.74257743,1.98,2.75592206,0.52,0
9.31,12.58,7.47,44.33,0.34,1.07,26.6665503,84.79244936,2.840479594,83.55284093,0.66,0
9.49,12.67,7.36,45.1,0.34,1.08,30.26,74.29702654,2.37,51.55608594,0.64,1
9.28,12.56,7.48,44.2,0.34,1.06,28.7,63.71677314,2.47,49.92344794,0.66,0
8.99,12.47,7.69,43.03,0.33,1.05,25.74609717,87.69235292,3.552673001,78.02678605,0.65,0
9.25,12.53,7.44,44.07,0.33,1.06,28.66,67.87414994,2.65,41.04244523,0.65,0
9.09,12.46,7.55,43.38,0.33,1.05,32.11783174,55.62769677,2.16,11.36371674,0.64,1
9.19,12.59,7.63,43.91,0.34,1.07,25.93738426,81.55592165,3.732464321,77.62972742,0.65,0
9.11,12.44,7.5,43.43,0.33,1.04,29.63,73.03552832,3.65,35.97600158,0.53,0
9.34,12.63,7.5,44.53,0.34,1.08,28.23112903,50.98657592,1.52,13.34589421,0.63,0
9.27,12.53,7.43,44.14,0.33,1.06,28.42,65.09775939,4.17,49.19974577,0.65,0
9.02,12.41,7.57,43.07,0.33,1.04,26.46379783,75.58988049,3.928464894,89.81091899,0.42,1
9.21,12.27,7.06,43.62,0.32,1.01,29.04,78.57181284,1.14,32.30969632,0.63,0
9.26,12.53,7.45,44.08,0.33,1.06,30.50070078,59.25189771,2.65,16.43759246,0.65,0
9.19,12.59,7.63,43.91,0.34,1.07,26.63878274,87.61392317,3.115590329,87.74680663,0.65,0
9.19,12.48,7.44,43.79,0.33,1.05,28.20196267,83.4379362,4.867180013,82.77690688,0.55,0
4.93,7.61,5.06,22.46,0.11,0.37,30.44,66.65259115,1.31,40.95379214,0.51,0
5.13,7.72,4.99,23.35,0.12,0.38,29.74,62.5503013,0.31,51.33037831,0.51,1
5.12,7.72,4.99,23.34,0.12,0.38,28.00671731,89.3336021,0.833741168,75.25197272,0.51,1
4.56,7.46,5.24,20.82,0.11,0.36,24.25541274,84.78139732,3.351191852,77.98543939,0.7,0
4.8,7.57,5.13,21.89,0.11,0.36,28.11552881,84.44883917,1.657745057,80.91317717,0.63,0
4.81,7.54,5.09,21.89,0.11,0.36,27.42245524,79.82266372,4.434380208,83.48463371,0.66,0
4.81,7.59,5.16,21.93,0.11,0.37,27.12271793,75.94901249,2.498995198,75.59779267,0.61,0
4.74,7.57,5.21,21.62,0.11,0.37,25.66962255,86.95137986,3.288084492,89.38813045,0.66,0
4.71,7.53,5.17,21.49,0.11,0.36,26.18,73.01401738,2.78,49.37383354,0.66,0
4.95,7.62,5.04,22.56,0.11,0.37,26.02315679,82.13096253,3.274576576,77.12019627,0.51,0
4.96,7.64,5.07,22.58,0.11,0.37,26.71335527,83.28398033,2.250088279,77.14154547,0.39,0
4.8,7.56,5.13,21.87,0.11,0.36,31.1,72.64985782,1.13,49.35750939,0.63,0
4.69,7.54,5.21,21.42,0.11,0.36,23.71622626,75.75419714,5.003747327,78.08295183,0.67,0
4.69,7.53,5.21,21.38,0.11,0.36,23.70362341,87.31891167,3.922089151,89.94359254,0.67,0
4.93,7.62,5.08,22.45,0.11,0.37,25.97481694,98.97023237,3.545752141,91.49829383,0.51,0
5.12,7.72,5.0,23.35,0.12,0.38,27.61322818,84.18582191,1.806824377,75.3224134,0.51,0
4.96,7.64,5.06,22.61,0.11,0.37,26.98905877,86.1043671,2.235600787,81.09171035,0.39,0
5.08,7.71,5.03,23.15,0.12,0.38,24.89170356,93.58983157,1.485695488,99.05602633,0.52,0
6.58,8.14,3.46,29.96,0.13,0.41,28.77,73.02541709,4.02,49.27087087,0.29,0
6.49,8.09,3.52,29.56,0.12,0.4,31.19248961,44.07514337,2.15,7.932203037,0.52,0
4.99,7.67,5.08,22.74,0.12,0.37,24.52580966,98.22644052,2.755479535,94.77282472,0.49,0
10.58,11.54,1.83,45.87,0.26,0.87,34.61381073,44.43338013,2.73,16.48333364,0.7,1
10.6,11.54,1.76,45.89,0.26,0.87,35.52453949,40.9822057,2.87,24.65891586,0.67,1
10.67,11.61,1.71,46.19,0.26,0.88,33.7698457,54.23359371,2.86,18.76594908,0.72,1
10.43,11.43,2.09,45.39,0.25,0.85,29.40083909,43.16285658,2.27,2.488988086,0.69,0
10.7,11.63,1.68,46.28,0.26,0.88,30.45223599,44.47461635,2.49,19.68206087,0.71,0
10.74,11.67,1.66,46.45,0.27,0.89,26.72671098,45.925459,3.11,4.739114856,0.67,0
10.58,11.52,1.78,45.8,0.26,0.86,32.15158069,64.7470274,4.33,7.368965047,0.72,0
10.73,11.66,1.66,46.41,0.27,0.89,30.14166011,53.59346095,3.24,19.39801967,0.67,0
10.74,11.67,1.66,46.45,0.27,0.89,25.87,64.64001257,3.11,48.00965936,0.67,0
10.59,11.54,1.78,45.87,0.26,0.87,34.05360749,60.07820328,3.13,18.34488048,0.7,0
10.58,11.54,1.85,45.86,0.26,0.87,34.91098053,40.89408999,2.73,7.158652106,0.7,0
10.67,11.6,1.67,46.14,0.26,0.88,31.73,78.274207,2.86,41.51736426,0.72,0
10.58,11.54,1.84,45.87,0.26,0.87,33.01,73.0729023,2.73,46.33004607,0.7,1
10.81,11.72,1.5,46.66,0.27,0.89,31.52701694,64.85289409,3.56,18.35290125,0.65,1
10.59,11.55,1.84,45.91,0.26,0.87,36.58090308,45.69054678,2.52,22.0574405,0.67,1
10.56,11.54,1.97,45.9,0.26,0.87,32.18733927,52.1372239,4.04,3.172621325,0.74,0
10.53,11.52,2.0,45.78,0.26,0.86,23.59236981,87.6796109,6.552789842,89.71539587,0.71,0
10.79,11.71,1.54,46.61,0.27,0.89,25.79825457,75.0489609,3.204883319,75.57256856,0.69,0
10.52,11.51,1.99,45.73,0.26,0.86,22.88595874,83.29569874,5.083185283,78.12231113,0.71,0
10.81,11.72,1.54,46.68,0.27,0.9,30.30556769,47.49659492,1.55,9.497200891,0.65,0
10.7,11.63,1.69,46.28,0.26,0.88,29.08,64.70863174,2.49,50.56474174,0.71,0
10.81,11.72,1.52,46.68,0.27,0.9,29.51,61.87295401,3.56,36.29000573,0.65,0
3.51,4.29,0.91,13.83,0.03,0.09,30.05,68.74109258,3.3,46.64049404,0.68,0
3.54,4.31,0.88,13.94,0.03,0.09,28.92337671,86.39214985,3.897133242,81.43744025,0.61,0
3.58,4.35,0.87,14.12,0.03,0.09,37.80097396,60.55065727,2.79,9.158403504,0.55,0
3.73,4.48,0.71,14.74,0.03,0.1,27.08281226,84.06631366,2.497214749,89.27032561,0.54,0
3.56,4.33,0.87,14.02,0.03,0.09,32.57507773,75.50200024,4.521711832,84.37856431,0.61,0
3.55,4.33,0.91,14.03,0.03,0.09,29.49660239,80.37491117,4.228062778,87.64327656,0.62,0
3.72,4.47,0.72,14.67,0.03,0.1,28.43320462,79.50331481,3.130896044,83.08227458,0.64,0
3.55,4.32,0.83,13.99,0.03,0.09,33.52,62.724626,4.18,68.14796439,0.66,0
3.51,4.3,0.93,13.84,0.03,0.09,31.45759462,50.01118613,3.3,23.65062368,0.68,0
3.55,4.32,0.85,13.99,0.03,0.09,30.07522798,86.5900828,5.539456242,88.20958807,0.61,0
3.62,4.38,0.8,14.28,0.03,0.09,30.80940016,77.97127055,4.248671938,86.59054306,0.7,0
3.56,4.33,0.83,14.04,0.03,0.09,30.63487592,86.03429395,4.709133347,87.20265009,0.61,0
3.51,4.3,0.94,13.87,0.03,0.09,26.85,66.72522486,3.13,46.6314265,0.68,0
3.61,4.38,0.86,14.25,0.03,0.09,30.8061112,84.29046341,3.876447222,79.06002767,0.59,0
3.54,4.31,0.85,13.92,0.03,0.09,33.29331586,60.68946359,4.14,5.726231517,0.68,0
3.73,4.48,0.7,14.74,0.03,0.1,27.46278272,80.20194015,3.563656241,79.74635592,0.54,0
3.64,4.4,0.78,14.37,0.03,0.09,34.03855627,60.04270996,2.9,10.96029799,0.7,0
3.64,4.4,0.78,14.37,0.03,0.09,33.85010576,44.79310034,2.9,21.98488263,0.7,0
4.1,4.83,0.43,16.23,0.03,0.12,26.61434841,82.87152064,6.921817608,77.57267913,0.61,0
5.76,7.07,2.79,23.52,0.09,0.3,27.63498744,78.50130381,3.690983528,85.54371893,0.7,0
5.75,7.09,2.85,23.47,0.09,0.3,30.9995851,80.48556959,2.646249483,86.19745908,0.59,0
5.76,7.14,2.97,23.45,0.09,0.31,27.63667732,80.96929242,3.349048295,87.28933757,0.67,0
5.71,7.06,2.87,23.31,0.09,0.3,33.91453085,79.67178959,2.109064173,83.86284817,0.62,0
5.76,7.18,3.05,23.46,0.09,0.31,27.86317409,76.93309787,4.694015233,85.5909424,0.63,0
5.69,7.06,2.9,23.18,0.09,0.3,34.25,69.23533544,2.15,34.78091373,0.62,0
5.7,7.02,2.81,23.24,0.09,0.29,28.9868892,83.91329325,3.91446362,86.5358287,0.68,0
5.79,7.22,3.06,23.57,0.09,0.31,30.69,63.47320979,3.47,33.23458767,0.62,0
5.71,6.99,2.68,23.37,0.09,0.29,25.18339155,82.93260997,5.768302944,85.0078995,0.7,0
5.7,7.05,2.87,23.25,0.09,0.3,32.33921722,86.39946238,2.566958142,76.11377135,0.62,0
5.69,7.06,2.92,23.16,0.09,0.3,32.01231365,81.56030313,3.517091429,89.63934771,0.62,0
5.81,7.23,3.07,23.64,0.09,0.32,27.71383215,87.27451236,3.641570662,89.90622316,0.55,0
5.75,7.14,2.97,23.44,0.09,0.31,30.16,78.40675197,2.22,42.44182359,0.67,0
5.68,7.06,2.93,23.14,0.09,0.3,34.25,78.5862383,2.15,52.25741119,0.64,0
5.71,7.11,2.98,23.26,0.09,0.3,26.60196552,76.31221541,3.250718208,78.46921435,0.65,0
5.8,7.23,3.08,23.61,0.09,0.32,27.24221653,78.25616769,4.087881028,86.57535443,0.55,0
5.69,7.05,2.9,23.18,0.09,0.3,32.16545652,85.59923915,2.985838843,78.77575641,0.62,0
5.7,7.04,2.84,23.25,0.09,0.3,32.71,60.66983097,2.47,49.93411105,0.68,1
5.72,7.11,2.97,23.29,0.09,0.3,32.44,71.75487863,1.94,46.82252358,0.65,0
5.75,7.14,2.97,23.44,0.09,0.31,30.16,73.57373398,2.22,63.92597436,0.67,0
5.8,7.13,2.83,23.69,0.09,0.3,27.40478549,85.64710616,4.108505202,86.89121258,0.66,0
5.29,7.5,4.46,21.38,0.1,0.35,24.73431705,75.62586538,2.366469081,81.5052972,0.42,0
5.67,7.04,2.89,23.12,0.09,0.3,32.5,62.64740044,2.54,52.27399566,0.68,0
5.31,7.55,4.53,21.48,0.11,0.36,24.20165397,76.98334231,2.81628904,77.94482711,0.63,0
1.38,5.06,4.67,4.79,0.05,0.17,24.06802335,98.15939059,2.687558295,94.41943889,0.23,0
1.39,5.04,4.65,4.83,0.05,0.17,25.73836096,85.26760374,2.492499415,81.01671159,0.18,0
1.35,5.06,4.68,4.65,0.05,0.18,27.02134925,76.65178844,2.871024918,77.68766437,0.23,0
1.43,5.13,4.72,5.02,0.05,0.18,28.84,71.17131033,2.78,63.93801181,0.42,0
1.36,5.08,4.71,4.69,0.05,0.18,23.14520706,96.2495944,4.55075328,99.35172097,0.22,0
1.36,5.08,4.71,4.69,0.05,0.18,22.56309715,92.59840589,6.157997405,90.39719332,0.22,0
1.41,5.07,4.67,4.94,0.05,0.18,25.20564393,81.45179422,2.587298526,76.79042847,0.23,0
1.44,5.07,4.66,5.07,0.05,0.18,25.60897806,79.32568654,2.356832368,77.60541983,0.4,0
1.35,5.06,4.69,4.6,0.05,0.18,27.4653205,87.32226876,2.733559602,81.8768457,0.23,0
1.45,5.14,4.72,5.12,0.05,0.18,24.9107386,84.46794415,4.471665327,83.82449017,0.37,0
1.44,5.13,4.73,5.06,0.05,0.18,30.25,73.96820451,4.14,30.27957865,0.37,0
1.34,5.05,4.68,4.57,0.05,0.17,27.57763011,88.65963947,3.430035912,87.93435444,0.18,0
1.45,5.14,4.72,5.12,0.05,0.18,30.12643492,61.89996341,3.12,6.904202425,0.37,0
6.42,7.93,3.27,29.57,0.12,0.38,27.31,69.0775593,3.47,64.00398904,0.49,0
6.41,7.94,3.33,29.47,0.12,0.38,23.57484751,81.4460781,2.887965241,85.7942564,0.46,0
6.34,7.88,3.32,29.19,0.12,0.38,23.34340881,75.6248899,2.539400798,82.13363169,0.15,0
6.4,7.98,3.43,29.39,0.12,0.39,25.03722494,98.19877039,4.927345089,90.72057338,0.43,0
6.35,7.95,3.48,29.14,0.12,0.39,25.65336879,89.72722511,4.380118775,87.56663023,0.25,0
6.35,7.91,3.37,29.18,0.12,0.38,23.51267541,83.94828942,3.373571664,77.81239804,0.38,0
6.36,7.92,3.37,29.24,0.12,0.38,24.2239005,80.13808991,3.758000375,78.8560114,0.38,0
6.4,7.98,3.43,29.4,0.12,0.39,23.49493115,92.46983038,5.655011184,99.10794585,0.43,0
6.34,7.91,3.38,29.16,0.12,0.38,28.31217304,55.73719303,2.5,13.29874377,0.38,1
6.36,7.95,3.45,29.18,0.12,0.39,26.40508323,87.63763738,3.117794099,86.58787573,0.25,0
6.33,7.91,3.42,29.06,0.12,0.38,22.60980983,76.41582679,4.758204317,84.07542169,0.38,0
6.5,8.02,3.31,29.9,0.12,0.39,28.40862617,79.1870984,3.662269037,88.63917906,0.49,0
6.47,8.04,3.41,29.73,0.12,0.4,21.28194962,85.05753496,5.652902587,84.07977232,0.53,0
6.44,8.05,3.5,29.54,0.12,0.4,25.42462664,87.27713549,5.73868049,88.11953614,0.38,0
6.31,7.89,3.42,28.98,0.12,0.38,25.18694222,88.98378233,4.364600574,89.65224473,0.15,0
6.32,7.93,3.48,29.02,0.12,0.38,27.81,60.33166422,2.39,63.41564754,0.23,0
6.31,7.9,3.44,28.95,0.12,0.38,24.76707149,75.9533473,4.997935076,77.42203151,0.29,0
6.39,7.9,3.27,29.44,0.12,0.38,25.82044667,84.43409119,4.732945577,80.44388398,0.41,0
6.32,7.91,3.44,29.02,0.12,0.38,24.39825406,89.93875209,5.258698437,85.92232784,0.38,0
6.43,8.08,3.61,29.45,0.13,0.4,28.03,77.41017621,2.07,63.81676116,0.25,0
6.46,8.06,3.5,29.63,0.12,0.4,29.78672328,44.95943483,4.75,1.746733435,0.38,0
6.45,8.05,3.49,29.61,0.12,0.4,28.91246665,55.85389083,4.87,17.86164424,0.38,0
11.39,12.48,2.32,49.06,0.33,1.01,25.03963788,87.33240955,4.320381324,81.64233664,0.59,0
11.34,12.42,2.22,48.83,0.32,1.0,23.01363714,80.64357626,3.812051845,83.61194409,0.44,0
11.35,12.45,2.31,48.9,0.33,1.01,26.49057611,88.06938469,4.581901066,85.12286331,0.49,0
11.61,12.64,1.95,49.85,0.34,1.04,24.79301107,84.4867774,4.975855631,87.59960443,0.57,0
11.39,12.45,2.13,49.0,0.33,1.01,29.14592496,43.49986846,3.09,10.61389816,0.35,1
11.61,12.64,1.95,49.85,0.34,1.04,23.49460025,76.63091436,5.139647439,80.34309721,0.57,0
11.61,12.65,1.95,49.88,0.34,1.04,24.09370076,86.25609255,6.842915035,79.04678539,0.57,0
11.81,12.78,1.44,50.63,0.34,1.06,30.54296202,55.308726,4.01,24.70869174,0.58,1
12.01,12.92,0.72,52.09,0.35,1.09,28.71,74.86142223,5.22,35.26618861,0.71,0
11.61,12.64,1.92,49.86,0.34,1.04,24.85572168,81.85048516,6.35647846,78.23332746,0.57,0
4.6,5.76,1.92,18.55,0.06,0.18,24.99744354,77.05554846,2.744437532,84.00702141,0.6,0
4.68,5.84,1.95,18.86,0.06,0.18,23.76017418,95.7740282,4.01473332,95.21554454,0.57,0
4.6,5.77,1.96,18.55,0.06,0.18,25.4145138,89.42366495,3.336951697,78.74594324,0.7,0
4.64,5.79,1.91,18.71,0.06,0.18,25.4924933,92.27307633,4.241793521,94.94711578,0.57,0
4.66,5.8,1.88,18.77,0.06,0.18,24.83785471,92.73783303,3.71156122,92.15096919,0.57,0
4.64,5.77,1.86,18.66,0.06,0.18,25.75554128,83.00737346,1.237310934,87.81801193,0.6,0
4.82,5.98,1.96,19.44,0.06,0.19,19.69082725,94.03473518,3.381524777,95.66435421,0.58,0
4.64,5.79,1.91,18.71,0.06,0.18,25.25319148,92.19886159,3.381941945,97.96655893,0.57,0
4.54,5.71,1.97,18.31,0.06,0.17,28.63,60.99356674,0.96,39.02892879,0.7,0
4.87,6.01,1.92,19.62,0.06,0.2,25.17563114,89.92848977,1.965283019,78.23728712,0.51,0
4.61,5.78,1.97,18.6,0.06,0.18,30.14728395,61.03403805,4.32,20.12254324,0.7,0
4.69,5.84,1.92,18.9,0.06,0.18,23.43286724,98.97919784,4.594229711,93.61904897,0.57,0
4.85,5.99,1.91,19.55,0.06,0.19,23.62909729,79.26310241,2.943478266,75.24605039,0.58,0
4.64,5.82,1.99,18.74,0.06,0.18,25.59367946,78.2116414,3.14797857,89.85016858,0.67,0
4.73,5.87,1.89,19.07,0.06,0.19,27.40284806,75.53959679,3.056983776,79.34009292,0.64,0
4.76,5.9,1.91,19.18,0.06,0.19,26.78796061,77.53113031,2.212703634,77.00003504,0.7,0
4.78,5.92,1.92,19.25,0.06,0.19,22.96236196,98.8354007,2.396302269,93.19186065,0.7,0
4.74,5.92,2.0,19.14,0.06,0.19,27.0214512,78.2119249,3.565516849,78.93856463,0.61,0
4.73,5.86,1.88,19.04,0.06,0.19,27.21948219,84.91048775,3.242789463,81.51560966,0.64,0
4.64,5.77,1.87,18.68,0.06,0.18,25.45822243,89.56219919,1.227772892,84.72064121,0.6,0
4.63,5.8,1.97,18.69,0.06,0.18,24.72249148,82.73591307,4.487045534,88.3198845,0.67,0
4.65,5.8,1.9,18.73,0.06,0.18,25.209363,80.56952579,2.367290431,76.64541069,0.57,0
4.71,5.84,1.85,18.97,0.06,0.18,26.36988693,86.14237285,2.92471885,79.59750516,0.7,0
4.86,6.0,1.91,19.59,0.06,0.2,24.2800208,79.79619858,2.405114189,80.52511926,0.51,0
4.87,6.01,1.9,19.63,0.06,0.2,26.34072682,79.90145495,3.000807647,79.12686892,0.51,0
4.71,5.84,1.85,18.97,0.06,0.18,25.0753505,82.01172327,2.731177466,88.35372389,0.7,0
4.61,5.78,1.97,18.6,0.06,0.18,26.20027571,87.80537359,5.172419188,79.15622217,0.7,0
4.76,5.9,1.91,19.17,0.06,0.19,25.93719053,87.28225422,3.582283584,76.17991694,0.7,0
4.76,5.9,1.91,19.18,0.06,0.19,26.74215432,84.55959403,3.496088521,77.01085435,0.7,0
4.74,5.92,2.0,19.14,0.06,0.19,27.18385743,84.4986934,3.754497741,87.11362484,0.61,0
4.75,5.89,1.9,19.12,0.06,0.19,26.62728751,85.78184061,3.223521823,79.4008138,0.64,0
4.68,5.81,1.85,18.83,0.06,0.18,29.37,67.09741515,0.74,33.63620343,0.7,0
4.92,5.88,1.22,19.8,0.06,0.18,29.21,64.62351209,0.26,38.98791367,0.6,0
4.71,5.87,1.96,18.98,0.06,0.19,23.71767922,96.58823918,5.318891954,95.77061805,0.55,0
-1.77,1.07,0.76,-7.41,0.01,0.03,28.3,69.40855141,2.95,45.59153523,0.38,0
-1.8,1.08,0.73,-7.55,0.01,0.03,22.71792295,76.4732001,3.443665304,82.05191107,0.49,0
-1.76,1.07,0.76,-7.38,0.01,0.03,25.55992288,77.22876383,3.512219373,76.75703387,0.38,0
-1.69,1.06,0.82,-7.07,0.01,0.03,30.02121492,58.04319584,1.89,2.847168135,0.57,0
-1.73,1.06,0.79,-7.24,0.01,0.03,26.44063429,82.16404151,3.616656916,87.37816106,0.58,0
-1.76,1.07,0.76,-7.36,0.01,0.03,28.23,72.25418842,2.54,43.30254626,0.35,0
-1.66,1.06,0.84,-6.92,0.01,0.03,28.27,68.95061817,2.03,35.15293616,0.64,0
-1.76,1.07,0.76,-7.37,0.01,0.03,30.17364226,42.5486747,2.23,1.688808618,0.38,0
-1.68,1.06,0.82,-7.03,0.01,0.03,25.81948884,85.68988076,3.108141098,80.48781256,0.57,0
-1.56,1.06,0.91,-6.51,0.01,0.03,27.43,63.81229108,2.58,48.69705628,0.59,0
-1.55,1.06,0.91,-6.48,0.01,0.02,27.43,70.48389007,2.58,65.47650429,0.59,0
-1.64,1.06,0.85,-6.85,0.01,0.03,24.78343359,79.73231906,3.37897743,80.12592977,0.64,0
-1.82,1.08,0.72,-7.63,0.01,0.03,25.12110248,80.01534337,1.931458422,89.53021502,0.52,0
-1.62,1.06,0.87,-6.78,0.01,0.03,24.61400599,87.7419598,5.382803587,77.43609844,0.6,0
-1.78,1.07,0.75,-7.43,0.01,0.03,28.25,75.9051295,3.96,55.38189749,0.49,0
-1.76,1.07,0.77,-7.33,0.01,0.03,28.77,64.57081858,3.26,68.93621971,0.38,0
-1.66,1.06,0.84,-6.92,0.01,0.03,29.47962262,49.88092108,2.55,9.771322739,0.64,0
-1.74,1.07,0.78,-7.28,0.01,0.03,25.97947796,86.80528393,4.091819039,80.63002743,0.45,0
5.09,9.63,7.6,22.21,0.21,0.62,26.02184574,76.56034621,6.210186003,87.22908658,0.72,0
5.23,9.63,7.48,22.83,0.21,0.62,26.70848558,79.31696117,4.897886872,82.36507185,0.74,0
5.12,9.61,7.55,22.33,0.21,0.62,25.37,73.99809247,3.74,67.71311242,0.74,0
5.13,9.67,7.61,22.41,0.21,0.63,24.57641185,84.44800814,4.751085652,86.68170007,0.73,0
5.23,9.64,7.49,22.82,0.21,0.62,26.96620002,88.82618817,5.141548382,88.21017403,0.74,0
5.46,9.85,7.57,23.88,0.22,0.65,20.62639538,90.49981018,5.965364571,94.53832919,0.71,0
5.37,9.74,7.49,23.45,0.21,0.63,29.94,70.97782334,3.17,32.58721919,0.72,0
5.4,9.78,7.52,23.6,0.21,0.64,25.76718325,78.81598401,3.97675486,77.17079938,0.71,0
5.26,9.67,7.5,22.95,0.21,0.63,27.00910761,87.79829175,4.398290405,80.96103939,0.68,0
5.6,9.89,7.51,24.47,0.22,0.65,26.91975772,87.63183303,3.269561584,85.19964315,0.67,0
5.22,9.66,7.53,22.77,0.21,0.63,30.08254457,43.3621177,2.93,22.19720992,0.68,0
5.58,9.88,7.51,24.38,0.22,0.65,25.90003384,85.16892335,1.875110145,85.84226897,0.67,0
5.59,9.89,7.51,24.43,0.22,0.65,31.91256711,63.44819729,2.14,12.11821158,0.67,0
5.39,9.78,7.53,23.56,0.21,0.64,25.40631557,75.22790842,4.019689503,83.13635715,0.71,0
4.86,9.45,7.54,21.17,0.2,0.6,28.35,76.57202547,3.89,56.44408723,0.58,0
1.73,6.42,5.95,6.67,0.09,0.29,23.65923805,89.93143891,3.074321646,77.93273414,0.5,0
1.7,6.43,5.97,6.53,0.09,0.29,25.09244923,79.34370172,2.978420645,85.66086123,0.51,0
1.85,6.49,5.97,7.3,0.1,0.29,29.81095735,44.13896209,1.34,12.10142936,0.55,0
1.75,6.46,5.98,6.76,0.1,0.29,25.94281719,82.74798287,2.047028393,82.08037537,0.56,0
1.77,6.47,5.98,6.86,0.1,0.29,26.0175735,85.21799648,1.843967205,83.5491557,0.56,0
1.96,6.51,5.95,7.84,0.1,0.29,29.07,61.72868939,1.51,69.28090553,0.6,0
1.75,6.47,5.99,6.79,0.1,0.29,24.94582568,84.72361569,2.05930418,88.73938852,0.56,0
2.01,6.56,5.97,8.11,0.1,0.29,27.1630552,85.42992677,1.321148164,86.5064301,0.65,0
1.82,6.46,5.95,7.1,0.1,0.29,26.72314,81.61673716,2.389072033,82.74539191,0.42,0
2.06,6.6,5.99,8.35,0.1,0.3,26.67,77.28489473,1.43,35.67029487,0.62,0
1.71,6.44,5.98,6.57,0.1,0.29,27.88,63.94697765,1.6,34.8032203,0.51,0
1.68,6.41,5.96,6.4,0.09,0.28,22.91239251,89.78616717,1.810235675,87.53409997,0.57,0
1.85,6.46,5.94,7.26,0.1,0.29,28.35819909,84.54015062,2.597169173,78.85277904,0.42,0
1.87,6.46,5.93,7.39,0.1,0.29,27.72665771,80.69519381,1.773682783,84.94801446,0.59,0
1.83,6.44,5.93,7.17,0.09,0.29,26.11062271,84.15675729,2.229361847,89.241802,0.5,0
1.82,6.46,5.95,7.13,0.1,0.29,31.6826962,41.84417768,1.17,6.749784471,0.42,0
1.82,6.47,5.96,7.14,0.1,0.29,32.12783858,58.81795219,1.17,17.4400496,0.42,0
1.59,6.38,5.97,5.96,0.09,0.28,24.29887909,89.96673648,1.286158303,79.99735115,0.62,0
1.9,6.47,5.93,7.53,0.1,0.29,32.07126501,49.04229539,1.18,24.54619512,0.59,0
1.7,6.43,5.98,6.52,0.1,0.29,25.29111231,80.16594108,2.420146612,84.30657919,0.51,0
1.99,6.54,5.96,7.99,0.1,0.29,27.26414961,81.47476595,1.305787716,82.88267659,0.65,0
2.16,6.62,5.97,8.83,0.1,0.3,31.8078405,47.34048021,0.74,11.7086328,0.58,1
2.18,6.63,5.97,8.93,0.1,0.3,29.00607715,82.86771478,1.118007701,84.4134445,0.58,0
1.86,6.46,5.94,7.31,0.1,0.29,30.13,79.23354835,1.18,44.96744658,0.42,0
1.86,6.46,5.94,7.31,0.1,0.29,30.13,67.94674294,1.18,51.65495786,0.42,0
2.18,6.63,5.97,8.93,0.1,0.3,28.58994877,81.64153793,1.848951546,87.43974176,0.58,0
1.94,6.58,6.02,7.77,0.1,0.3,25.41027196,87.13278579,1.863654689,84.38748049,0.64,0
1.7,6.43,5.98,6.52,0.1,0.29,25.90284935,89.38739768,2.566044586,82.93889518,0.51,0
1.83,6.45,5.93,7.16,0.09,0.29,26.16422577,86.84085388,3.140980816,76.72656892,0.5,0
2.09,6.63,6.01,8.48,0.1,0.3,30.52749512,46.05529871,1.47,12.63991444,0.58,0
1.9,6.47,5.93,7.53,0.1,0.29,32.04268219,53.85360224,1.18,17.04248593,0.59,0
1.87,6.49,5.96,7.4,0.1,0.29,25.60582274,78.99370196,2.73518559,76.90226591,0.55,0
2.16,6.63,5.97,8.84,0.1,0.3,30.15,70.54405339,0.74,62.79636965,0.58,0
7.43,8.64,2.53,32.95,0.14,0.46,23.59044798,82.94336706,3.992594093,76.17028949,0.71,0
7.51,8.69,2.41,33.25,0.15,0.46,33.07483818,58.27344865,3.58,2.722810711,0.62,1
7.6,8.76,2.37,33.62,0.15,0.47,27.86412149,82.89584604,3.464888606,81.12529265,0.67,0
7.62,8.81,2.47,33.78,0.15,0.48,25.85029216,84.61375354,4.001251179,83.14671259,0.61,0
7.6,8.75,2.34,33.57,0.15,0.47,30.52,76.43948073,2.32,63.27421738,0.67,0
7.39,8.5,2.15,32.49,0.14,0.44,29.63,72.77492982,2.35,62.05975099,0.74,0
7.49,8.68,2.46,33.19,0.15,0.46,33.46205054,61.42252769,2.37,17.1198312,0.62,1
7.63,8.79,2.35,33.73,0.15,0.47,29.49,63.52001675,2.09,62.41319146,0.67,0
7.46,8.68,2.56,33.11,0.15,0.46,25.11200334,77.64916382,4.439003178,83.6993514,0.64,0
7.77,8.89,2.21,34.28,0.15,0.48,30.74179378,49.32853996,3.21,18.78919704,0.6,0
7.59,8.71,2.2,33.43,0.15,0.46,26.04607592,86.38876627,6.596986992,75.18676923,0.68,0
7.46,8.67,2.51,33.07,0.15,0.46,24.39476671,78.50040988,4.188647944,78.90015326,0.71,0
7.76,8.89,2.24,34.27,0.15,0.48,26.49187968,79.21543017,2.759132817,80.56087516,0.6,0
7.5,8.69,2.47,33.23,0.15,0.46,29.03810139,75.3887844,3.164293061,82.03875954,0.62,0
7.51,8.69,2.41,33.25,0.15,0.46,28.70823868,76.01014111,4.44576055,77.91622256,0.62,0
7.77,8.89,2.22,34.27,0.15,0.48,29.78,65.57014836,3.21,45.86830305,0.6,0
7.54,8.73,2.45,33.4,0.15,0.47,31.05942079,46.46564698,1.93,22.16873296,0.63,1
7.77,8.89,2.22,34.27,0.15,0.48,32.02330201,61.76335013,3.21,13.5978539,0.6,0
1.76,2.55,0.92,6.15,0.01,0.02,24.10150191,86.33064973,3.148776492,86.78326702,0.67,0
1.81,2.59,0.89,6.37,0.01,0.02,31.0005348,82.52681223,1.962292324,88.49656117,0.63,0
1.82,2.59,0.87,6.41,0.01,0.02,28.88032446,86.21965825,3.945215943,76.46016179,0.63,0
1.81,2.59,0.87,6.37,0.01,0.02,33.28292629,52.21609451,2.57,13.69665208,0.7,0
1.81,2.59,0.88,6.37,0.01,0.02,32.96950882,47.04393493,2.57,23.59376554,0.62,0
2.0,2.74,0.77,7.21,0.01,0.03,26.21448363,81.60186846,2.328296079,83.63128067,0.56,0
1.81,2.59,0.88,6.37,0.01,0.02,28.43424964,77.22769215,3.186885967,89.89922665,0.62,0
5.4,7.03,3.4,21.88,0.09,0.3,33.41580144,59.19832821,2.56,10.63191373,0.77,0
5.33,7.01,3.51,21.51,0.09,0.3,34.02,74.94915356,0.38,63.26073386,0.74,1
5.34,7.01,3.47,21.59,0.09,0.3,37.27586119,43.22968543,2.41,20.18486427,0.74,0
5.31,7.01,3.52,21.43,0.09,0.3,31.93863772,75.93469166,0.952052387,81.96872993,0.72,0
5.35,7.01,3.46,21.61,0.09,0.3,38.02552515,41.70968042,2.41,23.43775979,0.74,0
5.34,6.98,3.41,21.59,0.09,0.29,31.98933285,48.90898614,2.7,20.46520546,0.69,0
5.36,7.07,3.57,21.61,0.09,0.3,32.41,79.95389993,1.61,55.54206947,0.73,0
5.35,7.02,3.47,21.64,0.09,0.3,36.92610558,64.60417456,2.41,8.766047305,0.74,0
5.3,6.99,3.5,21.4,0.09,0.3,31.46,66.62337637,1.54,48.59960119,0.69,0
5.39,7.11,3.57,21.77,0.09,0.31,31.05,73.87418089,1.4,36.68460947,0.72,0
5.32,7.02,3.53,21.45,0.09,0.3,35.16058652,54.94582233,0.38,4.468416253,0.72,0
5.43,7.2,3.68,21.9,0.09,0.32,28.32888797,83.43309931,3.309852405,87.42051042,0.59,0
5.31,7.01,3.52,21.43,0.09,0.3,31.40754855,79.68850231,0.939765703,80.02372103,0.72,0
5.34,7.01,3.47,21.58,0.09,0.3,36.32,74.07941124,2.41,48.92987488,0.74,1
5.32,7.02,3.52,21.48,0.09,0.3,30.80616794,77.64780043,1.16210307,79.63943607,0.74,0
5.34,7.0,3.44,21.61,0.09,0.3,34.53217107,53.12744692,2.34,3.928366776,0.69,0
5.44,7.2,3.68,21.92,0.09,0.32,27.28554871,83.8319142,3.568336774,75.96664981,0.59,0
5.36,7.03,3.47,21.67,0.09,0.3,38.30905277,55.59762666,2.41,24.24322841,0.74,0
5.31,6.99,3.49,21.44,0.09,0.3,32.25,74.40809319,1.45,42.48389121,0.69,0
5.35,7.01,3.45,21.62,0.09,0.3,34.4859022,61.09119253,2.34,7.319077749,0.74,1
